wallet_address,score
0x37acfef331e6063c8507c2a69c97b4f78c770a5a,100.0
0x42b9df65b219b3dd36ff330a4dd8f327a6ada990,55.95269076576568
0x6168bb05ccb4aaded0169602bbb6e3cae12902c5,55.768643911098536
0x4654f56a64301b9b582f843f97332d96ead11ff8,55.721840328922625
0xdf0635793e91d4f8e7426dbd9ed08471186f428d,54.91293458171723
0xa17f75c6d52951699350f308d1220e2dca7b4cda,53.091205213833405
0x49b357c9acaa84a0cb978571b642b825e964b2cc,52.816991736818274
0x502cb8985b2c92a8d4bf309cdaa89de9be442708,52.81330205741903
0x07326cbe4792e8e3c1f61c66fefee8253eb2db0c,50.69260838967822
0xa24f2e6dcbd2da9a220958401dab74b365bd34e1,50.56029766603736
0xbed4e3cd89918563a9ce4b04cf5379daf566bd53,49.59039021940121
0xe69f609c75f8640fa034166c63929f2875c01343,48.37774284368217
0xd19604efb40ece1efd6df5de6d3892112b51e99a,48.3697926555877
0xc1852f917835a9f2f97112672bc5c8afd1f21dc3,47.35448720054241
0xa7ff0d561cd15ed525e31bbe0af3fe34ac2059f6,47.33683604807967
0x4f5c0754c5f90e722d78964644bd29687b87c584,46.9999127658094
0xd527c56dc2ac6a71f04242548039d07006e9103e,46.5311688007277
0x0e0ec712b3912b5601216455a158cf18152cb62a,46.034112308828085
0x0be0ecc301a1c0175f07a66243cff628c24db852,46.0123006403859
0x0f3c2476fbf0ed09dff00ea7f4ef252dcc72e6f1,44.52322067553888
0xd6390178b2002a0758e8b3486fddc1c4bc23ebe1,43.83505237289161
0x9fd31424cfceab50218906bc1b3d87fe7778ca61,43.72198642229271
0xb7128fb2180aa8d93c769ee7d261950c9acf002b,43.59184146825388
0x4fe95c36bb9b3a81f278569525162f91615e77d7,43.484446998140555
0xe40afc776c18d8925199dcce78d0b06c9222b896,43.043240079379515
0xefd0199657b444856e3259ed8e3c39ee43cf51dc,42.415369927436586
0xbabe31056c0fe1b704d811b2405f6e9f5ae5e59d,42.35284957700398
0x80cbe79db5cba89d98b751d706f76b7980176293,42.246452143914546
0x40941f5619974c639fe13fe977fd92805fc10ec3,42.12886638480765
0xd84e11bee5d555ccd905817cb8cbbd5b6e6c4f0d,42.06722109633728
0xb535ac19df533873c2c640df6cd644cfbf8b5d39,42.04500232640649
0xec8e446c52f2d4ac9048aff1813c636ac8334fc9,41.57116791300967
0xdbc9454541a32fc0cc1b76cfc674a76aab6233a9,41.25835194537136
0x54f987c0a786031357427211046d9e7ef61f3891,41.11475797556225
0xe670c92e93f88761004f86b28c101cd8b9ca57a9,40.85196938775107
0x1ee5d92751c7141798b399dffa49e41591bf3caf,40.83729330260933
0xe2850aeceac7e8d955813100098606bfd1a01fdb,40.80728090547485
0x9b4e28020b94b28f9f09ede87f588e89c283cffd,40.7604628333359
0x8e5d30f161ba3ebb09dc3c1f06515656af34baa1,40.501448937841374
0x3eab4037a2e7f4d4d0946c091fe135838221f2b6,40.295535672037566
0x0006e4548aed4502ec8c844567840ce6ef1013f5,40.010877525969775
0x505e20c0fb8252ca7ac21d54d5432eccd4f2d076,39.55866338316421
0xe826cf83f03732ea35eaf4cd9627d57529feca4b,39.444637982184474
0x206e3058eb8ddae476ca1e3936259209dc01c2db,39.2100773323049
0x9df06d2e25378f01a405c93310e289e8d06c9841,39.11635368565309
0x381a17eb78501498fa183c81648b4165826e1af7,39.019301785298985
0x644239848c7b402d813295893db428aae7cc4cb5,38.958375158982314
0x697c62503e0e2767741f55ba8a7d62fd78718444,38.938074302609735
0x19360799a15730fac556088793895aa7650ee442,38.843028237619194
0xee37f338220479c8f652e3557f02513bdb11c160,38.83263420625416
0xff19ad332cc5bb32703a3058c6f93ce177cfbb08,38.82670204888224
0x520632e2a0744d5e412d940607057712962678c9,38.598687211473944
0xa5cd3bc3f3d34b3a716111643e19db88bfa649c7,38.49083991031618
0x45ce9d7bdadb704c68242118e2b8586e491e5c51,38.445946181343096
0x419385075dff229926a63812ac1adc397ac32e27,38.265546264677106
0xc5b1928cef3298a5b27a09055bd57149c19edd7e,38.04125624747713
0x2142efcb2870affc21b4f2ebbe3976f446ce2b90,37.82046137042232
0xb435871b0959561226b4d903b1abf79528177e81,37.539053050465995
0xdfb00d9a518d82c9141506bbc6fb1fe5e727f55c,37.48027382658549
0x9dafd2b0627955f9398f65324af581d44958d4d8,37.44123490331024
0xe20ee1d250c8d3e0bd140306121001bfdc7a1201,37.303027314544636
0x5c10afd2e8c8ae7e282aea60759209f32edfe3d8,37.24343631889202
0x8662f71896d5770e2991a2e6fc1836c5c5ba3a67,37.101665035116845
0x5632cf9a1b4ac936a3c6d3d66eb75c0344c61c2d,37.06347015421119
0x03e3702d91098350d057ded0a05095f703bba2e7,36.94877999498909
0x3f70d4927adfad26eb7b1574eea7939d347d902b,36.47777690211384
0x14559df3fbe66cab6f893d8dd53f7bfe68de9c65,36.46131617446777
0x0b013cca6335dd62353ca60ecec9c39b5227d270,36.42417409331778
0x11e03d11ba8328b345e21a9c6ad442b64ec85e11,36.330596319800826
0x60fc976145dd135c6bbc7df9406a60e8c2123850,36.29504958753878
0x23395e68e4a65b5b9b33e3819f6a3058752a1a2e,36.15313016745381
0x9ce8f85083fcf364467a827cb15730102306ed1c,36.038092088939244
0x58df55d6ab2db99d440241a607d91898b9ffd046,36.01013241168392
0xb6d94226eab23ac1602113bae51e0f37d92a50bf,35.848445429267265
0x84443f61efc60d10da9f9a2398980cd5748394bb,35.7893203403511
0x6316ff9d2c96b6b122e0dd632ab5831e0bf5bd10,35.76340370279476
0x445c55b9a5338c45eea6f4cc9c1840883729a878,35.66384147380029
0x10aa95a9a64b4a72af7f26ea92c737d99d0d5da8,35.3516121360409
0x3b2e298b401d1e11ce6ee82b54792ca435ce81ec,35.34592333632368
0x0b9b7a99308064bf1238dff693237429844fa623,35.29220646279642
0x985c0748a95d30ba0585dbc33c4c366a56be8ed3,35.21519220733301
0xb082ddfd74748b763f52f04558e5f814a56de67a,35.15839477451592
0xe7af3cd4251eadb3102b951c929de54d59bef56a,34.80607608601273
0xc15792b8578fc26c10de7f88191ecff579151866,34.782470899368526
0x083674408a89ccbb0fc9653cf93a1de0b017a2e2,34.68962292340695
0x13dc08f5ddbcbfdf6ebc04c909c3052a2aa7a111,34.67376689682808
0x075102800212aef1077cbb021f710397792e22ac,34.59037598996526
0xa1df7157e5eb60c4f9bcffb6a2f725a4b6492ca7,34.58561014116557
0x000be263b3ceb55d22ed9b40d7619f62c4862c80,34.52492257901537
0x7c76f4db70b7e2177de10de3e2f668dadcd11108,34.437337317608645
0xe9e9b34920131985d5e948c56cc8e34a9e1fcf22,34.38774929810252
0xf189bda172ddc4b6250b8c2cfbc174af18d3ad29,34.342530797271934
0x96c8e2a1eab72eea758b6694fb2217c4118bb803,34.30781971261064
0xfa5756494fea34c83808ccb6626f6b7e66d46c4c,34.28493878654682
0x6b790599ea89be7f68268eea87bbba9cab5cfb68,34.28248893099213
0x8242d744f0d94f3a3e11258d727ec093e2b4589a,34.238932975117436
0xc64de5e0f97c21606e1f31426eb5c98ab729c08e,34.218594309411216
0xc691635a9702d8a7a3a3b69a96623739be260965,34.13224703976432
0xd18a54f89603fe4301b29ef6a8ab11b9ba24f139,34.1232441763565
0xa7b95d2a2d10028cc4450e453151181cbcac74fc,34.086720734635364
0x14ffae1d2804eaf261586a6378218eb5e7235066,34.027090787678986
0x7a1437563a366169ca566e9bcb1f7482bedbff14,34.012856954034945
0x7a6ab4fe07d4b65a3a3b4a28cbde57ebaed9cd81,33.95330844417022
0xc766ca67ed7216bf6f67e449f9789daddcc0e9ee,33.941602353601695
0x3584ca77ba08bd8b3fe4762e60eb284e37696829,33.87484514366299
0x737284cfc66fd5989f2ac866989d70ae134227cb,33.85230550880111
0xfb0018ad46c669b6a4c0e589c53db27daf7f7930,33.68796299723249
0x849f17c54d6dda08162ef328131048d95b9b2c71,33.683826277601405
0x7e5ce10826ee167de897d262fcc9976f609ecd2b,33.65038123290123
0xd2adb7b4df854631fa0f790a93b2fa25fad3f56e,33.579178410426564
0x869ec00fa1dc112917c781942cc01c68521c415e,33.565436856123604
0x1a78e512008b2fac6cea2b8d8e54f1e304f3cd2d,33.49887855459495
0x5029259f5f4125d6517c2082b8b942657af3b509,33.48667676740901
0xa1872b9b494556777d2b3ac5e699cf7fb377bafc,33.48040970583764
0x95cfaddac52b76da6e858dd0896a46fcdf79e486,33.22305582561285
0x1390743368d3d548cea3e371f8da81da2ffde2c1,33.16473454610821
0xaeebe2d33fbdf50684161d1c1ed29a42ac915841,33.12497219940582
0x88856d6ce40d223177c0b345ca1f74a089bb672d,32.88805726167573
0x002f9caf40a444f20813da783d152bdfaf42852f,32.87467092508837
0x58a2f87490292bed41297fbdb50bbf716e80b016,32.84939287701963
0x0598df9ef51616e9c015a4f17918507259b22baf,32.847058515124836
0xd2925983502b2f849c96dbe449179e8b09d8c6a7,32.846970905984804
0x3e3742b6b7c0add19eb155c72eacbb6bfc8958dc,32.81874446766877
0x81da4f0bcea8d330d790da28bf5349d29ad51fda,32.73795492371349
0x121667b6690f5040c672c3df912a5aaf8735ca23,32.7208172818495
0xb28cf9fcfaa079ff21ceddbfc7b4b2fb9c7bd70f,32.71322460119931
0x606420fc17e08ce7d85a5068cede5542c0e47128,32.588282223642736
0x285306442cd985cab2c30515cfdab106fca7bc44,32.58724527496351
0x8af82f495137b95e59cbccecc4479f1e07df5f16,32.583435229314475
0xe6f6f9492098aad009faa3f9b84f35c0b6ee7f3c,32.53518494344722
0xecbc2901efd668a049ec86e847c3a70552d128a7,32.51116587911044
0xecf76e6901832b280502aa051b60536d0368dd39,32.48917184827364
0xee68dc68913ee5606608c90d9b5db8ec4b12774c,32.43454389156676
0x4c77ca7ff8e548806fdc88e4dfa8ea1e493a450a,32.398070808994724
0x32c6b5db05b98907a29baeb7d09c79c95498b17a,32.35283307849483
0x2aefafa691982dd8431b03e584988b80c5c0b977,32.264944024637394
0x1658a95d08bc44111a93f7afcab8444b7e8dc0c7,32.227128072597125
0xcf32352be14b4c39ea7b914f8c302de4d67f0ff6,32.216164108260074
0x1e60ae150f10a3a1881d17a9f749595030897ce9,32.19077144892179
0x9317e25590aaa62be015aff026702f3b960131a7,32.148123007072286
0x9640a35e5345cb0639c4dd0593567f9334ffeb8a,32.11404710174706
0xc4b485a4a6faf2a8e17a57f8ed198f058fe2b408,32.09705965201605
0xedcd518221d67769f2a85acf801e6ba4918a55c7,32.08163551104891
0xf5bb0094b5b7d0c03e0af35c4b4b287805d71467,32.07850671889
0x57ef012861c4937a76b5d6061be800199a2b9100,32.05136109721468
0x2eeeedef8f6d93facfb10521103eb377cbf930a4,32.04013145060503
0xae3c67b8aa12e458f2b4eafc0e9209710582c9d3,32.02521402696918
0xf85a551811c40e7ffb912a21efe2c26277be8ebc,32.015558250683746
0x003c52a71c887461087154eccced08cb1c5384a5,31.960400983336207
0x2923be587904f3034ffab36c86c495df3c21bc97,31.93630490365808
0x30887fc55cbfad3487cb55bfe1779f6d2ba1c118,31.903099240887745
0x1954c8cd151de0d0946fcc1e8a97545f711e2380,31.838057002361385
0xc2351c961181ecd4e682857224e873ebbf956fde,31.814322637475822
0xf3061977e324ac93e7621f397dffc7bc78489fd4,31.813263928018387
0x1cf6437111a85cb37603650f278b80655a1c43e9,31.798767822522795
0x01b29eb97ec05b81abd72b77035d99dc1b482c1a,31.762703343768468
0x3cc228f907bc37cbfdc1e415d2129d68aa3c4864,31.731219629253083
0xeb64340f380b8c2e708c390a1a6be7d7c9c1c4e8,31.72275894475179
0x66c7a7348250f453a37cf86410a946f9668de386,31.688016626888484
0xa7f3dfed2bcf7b35a8824e11ae8f723650edfb58,31.61739425247902
0x67d3ccbd1d81e7b1427b70d94454e0039271d237,31.521673321580852
0x2025a9196d6fa1011080845c6877f6460cdb302b,31.49355641224709
0x0a80c3c540eef99811f4579fa7b1a0617294e06f,31.487082799580385
0x009b56330ae5ec5042b9ca46ddb3043cc0d006f3,31.485060358779155
0x64ae361c1c55f61a02d2c67a4c78457d5169ac56,31.357053387907108
0xcd5f8fa45e0ca0937f86006b9ee8fe1eedee5fc4,31.352710122701012
0xa8560117ccbe413074c420f3fa83f842b65e0999,31.261480644339535
0xec75e6ae612401d4188266eb731697339b9b0f36,31.236445758057922
0x23c1d8550966bf6a1fb04fce5dee74c8dd9eab33,31.23537477730206
0x2577a8539cb2194acd72f035dbb691ce5f406d3f,31.199880269096248
0xb3de746d56c652ea0390233a135a4011cacd9be5,31.17359187407966
0xeba9d7523c1842907587c92dedccbeff49c9ad77,31.146372214187405
0xedd6d7ba0ff9f4bc501a12529cb736ca76a4fe7e,31.11825396125153
0xef90422ad2b181465d4c50c79018072e1976618c,31.117711373017425
0xd8cc3c23c9feb635ba1b18fd449188dda3b086c0,31.1120373978212
0x8e55ae759901aa0d0550b03d79cf1f2ff5eee5b4,31.094711793474307
0xa918add8803e65e97410ec42ae359dfe6663a8a6,31.077476577169517
0x06d57af6792edf066046aaf958d92ae5558e0e56,31.02501643033116
0xfd1935fd3c8f49723deb7296c58ba4bb1a0e48e1,30.99376088221607
0xb819706e897eacf235cdb5048962bd65873202c4,30.98271768692365
0x2fa1859029a483defbb664bb6026d682f55e2fcd,30.964765138738997
0x9389d9e95f8d409b1e6ca7085f0ada92e546ee5f,30.914032644942612
0x877da30d93546e4585bfd616250c61b7e0e2a76d,30.90569193816807
0x6dc1c317176fc1f7c1a7f299884c85b362f7b30e,30.880071341755492
0xd00ae74b8a2a0b3c17636cdcf4c4e72149f2ee20,30.86587948893915
0x03ed2992a1d07ab57ec01f0c8914e22b53e48d87,30.846012495909118
0xb97f2482f1b2a50ba5a02ea9ab96f1f148f7e904,30.838599685268058
0xcd47c8194c0ea6b938327cb82b4f5b9aa0941c61,30.799543461933972
0x55857b9a18e15a298136b3118af86bc9503b3eb5,30.79691054114019
0x64ead14ad73ac013dcfa181ca72c13e935fb3c13,30.743693261192846
0xfd72fac7d08f9912e5d02091417304d5a0072e2b,30.73737882258523
0xf0b4fb521eee7561e746a2e01ef933c5a2225809,30.73245201456578
0xb631651cb570ba0c0d696bd5e4860cbd214f20a0,30.687592900296373
0x4f3a36c91c392781536348c03dfb8f6e265c277d,30.653957512100007
0xd998171b51dede5bb420228f8ca6e349daf0fd62,30.61816877487945
0x8094f015cbd787e16a65ad0ab606c41d78c1887f,30.600698048789145
0x2b6a4f029de9f6a17c0413b393770cacf28f6c8c,30.587561774315407
0x6c5d0d9eb1243903775ffdbc8f5d29b04ce3670d,30.46485052579865
0x1a01ea6f99123f161554ae7d489976fb95d0309b,30.450815653786282
0xa53a13a80d72a855481de5211e7654fabdfe3526,30.391415200291895
0x4c0c59f3e1e8727c60ed7bdddbb454ce4814458d,30.390831260650742
0xa6dffbc492e1dccae78bf4f6f6c13b1f96469e11,30.327608709758948
0x2848b9f2d4faebaa4838c41071684c70688b455d,30.31768384932631
0xdd3b9186da521abe707b48b8f805fb3cd5eee0ee,30.295858803623016
0x35440df5c2fab7f5dd7c101fdf94a039a00c6ab7,30.29537472148095
0x540467e4d66cea16598240ba82215f459c9b988a,30.294139634132637
0xad923feeeef3598217bd2d7d5d1181d8c386ca88,30.275343274889146
0xa5c3a513645a9a00cb561fed40438e9dfe0d6a69,30.199272336003098
0x14c45cd15d33eaa8aa149e3ca0e6924db143b08c,30.19440227591586
0xcb59db511a5922303cc867e2853d5cad72698deb,30.173714077921982
0x45ec2ca047fd21f8d92e9ad7d03b839a6657bc08,30.13837865069524
0x9064f45ddb3875b83ce86602330e493e6abda6f1,30.090259481304827
0xc95be28595eb64485dac63ad14f15e41c94ee468,30.03446041742145
0x70056d4450ddc31a61146fe91283aa3f645ec1e1,30.0327167355883
0x6a8ff90e596e037b2ded3881c19ab4fd1727a0c8,30.01370424910491
0x1fa02e36cb086f2a89adba718c65db7085d16756,30.00753894598947
0xaec0d9389d27359c4eda77a81eeb71b1e68c2ada,29.97834013822036
0xc721921b29618680c19f4a4d1458f82689c126ce,29.95681101716865
0x00fe460a15b49d09f39b057d0f1a7b9444f4f2be,29.945224616352697
0x00809b9263aab2856bf65be3d3bc3fcb9e19c1fb,29.905092947888445
0xd8982cf39b93ca723ebbca49efd04d4777a9686b,29.880013695233544
0xd63b87fa46652a28cb3ffcbc56f7721fc60943ad,29.87507874415335
0xf0b22f7e45a223a106c35eda11bd055a70a234dd,29.869260013809445
0x9079a0a7e0ebee7650c8c9da2b6946e5a5b07c19,29.760056497720345
0x5212f225f58b8cd4c1cf2a10dcf047449dcb5d86,29.75507923597934
0x930a7cd60a633128b7c5181307781e6d033ba51a,29.718778383086846
0xa218a8346454c982912cf6d14c714663c2d510d8,29.71623875901086
0x30caf91380d5911d417f5dada36f145897bc7f72,29.689209571648362
0x1c9f2bdd47c21c0452e00fff270bac3ae33d933e,29.67913037790682
0x92be89852867b06d8f77e110d95e7e5dad2f5359,29.66887689222449
0x0d7c7bb9d42d6fe0008873e862fa03e646da0aef,29.639778699003717
0x1e85027191716fa61d97483f26637ba8e4359929,29.595377984076222
0xc610ac3017b833337d2e68255855436d3e0ff114,29.593133102693635
0x97889c952368b5ae0def08eb845ec1ca212b6f2d,29.587423576996898
0x73555792708d34d5d2c3fce67134ea691ceb4d65,29.58599541828861
0x970991bdd61aed3c2cf91e9bf6944960561dbcf5,29.5712255474958
0xb678853c57b94da8e6ffbf0e792e9c31788d84a2,29.478807954795716
0x1a6db538813dbfa63e1f19f8804447187b7d401d,29.476460563887763
0xe4e9bb2c6aabcae687352ba00214771dcd538a35,29.41897875989032
0xb141936c797fb48714c37f9168d8dedd47975191,29.41428956447303
0xcdebcf59ee33978320ca2ebcd433ace6144c63c4,29.39766181327884
0x029d68ff4b05fc4102d8caa77e28c585a32cdd16,29.386000989801325
0x2e81655a6a2b16c38ce5e5f8b5bd5b93e1f811cf,29.38418480170547
0x322d58b9e75a6918f7e7849aee0ff09369977e08,29.31594992285013
0x65d25e3f2696b73b850daa07dd1e267dcfa67f2d,29.306376031598123
0x0d5926184e886db1a736d88f0fb257be3f99ebd5,29.30218401258039
0xc66adf81f5002a9f7d8f0e3ec2a523e4a628406b,29.29059026744581
0x770fb298e70df0eb42235671a53e3210dd2ec2e9,29.269838862197172
0x68f5924cafc5896405a6501939b938109707941d,29.258515315299118
0x5eca9a84b31f7dcd83c68b015df498b0c4f65f6c,29.25017410571136
0xc8315afc044408ff3b56b84fe991c84fe0816e12,29.164197428823268
0x8878d85f8e7e73645b92e004f4e557488ab32725,29.147313582554712
0xfdfd57aebfc9453ffd6d5c34cf8fa57d961a70f6,29.089018695248992
0x786f9e6c7d47250b02835d08aee55b52f42220a5,29.066122765936065
0x7a75da34c346f244e54fa2f71b25560efb1f9b20,29.063465330011535
0x7185fbff199928cbae71990ecb3cc4a7be2ff00a,29.04678963406864
0xbe808ea4b07c96f770d221871331fd2ccbab4853,28.987584890000136
0xf0e501e38ed216565ddc50d3f405fe5e5de4a563,28.985217162781808
0x9dfac9bbe1119da5dcdd7b095db40920cde878ef,28.96727571327084
0xc424e90ace50df63efe178ed5f28cf3759cf51ea,28.96393311011904
0x72af4a7f781c35cc7c8d4c5042ab7a306ac8df3b,28.9629824241813
0x66215d23b8a247c80c2d1b7bef4befc2ab384bce,28.920475696232945
0x95ad647b9e6174294573aa4b8a2681ec20d44594,28.91838697820272
0x53c19cf633c65adb9748f884dbd84bd4eded3fba,28.882600639055454
0xf6fdee29e3a14610fdbe187e2d3442543cfa45b8,28.8491535477002
0xcdc65de2a7bc4b56d20e98a387c1528e58bf3441,28.78436749704894
0xbfc54c36fbd010d53975ef38e90462c1a7afdb60,28.77389323359768
0x6996c784cda7a2841c3a6f579c896477586a1d9a,28.732223996667734
0xcce25be0e833dc0ffcefa12bf1867a972e15bc2b,28.72416256317287
0x0c3f70c14b8bb96d6b74af35c6ab7f85f77a23ba,28.70872869766017
0xf583f4428382f0ee4d4669619d62c498e29d15b2,28.680349655803404
0xc6af895832bf156c59c8c0b59fc31179d5f7019f,28.673774549067204
0xa574c53d63550e535c8b78f0e2a33bbe3c56ef2b,28.590542964934013
0xc37027c11b6b416462aa7b589e6f7937ce220327,28.563919371733988
0x13025800a6eddea918eae73b408eac60824f8ec8,28.525627252376363
0xcb937212f1dffa4dda6837cddb4788d1ce5e0251,28.51579677722842
0x7ed40353909c23fb61bc2bb29096ea1bbe53f966,28.501672097131355
0xa4f965e38a7d2795f43eebbed1c160319adbee04,28.50019619997473
0x2a4e6c78f12333481a6d932ba526eb56bd64f008,28.49063730481682
0xd6b67750bb8181a327bebe28a1b5b2b440b6cff3,28.446087329738596
0xf84dc4cd6e5eb982cc6790d38842905a06174f8c,28.379422189844167
0xa6e8e242a6bbdb87765edb408530348b4f51030b,28.377372774999575
0xbd9ed130a53cfafcf81502e4d35329a6c4d53410,28.326056527012998
0x54232d4fff02af44d0a5ff43e96cdc8d154a1659,28.317345254844845
0x0118289457e9fd02c05e37e27a11bd09d3500021,28.300240301335823
0x4685bb0077179b45095a3c2a175acd9b3cd59d1c,28.268463637049823
0xf7ab7c10b2ae4b4d505b037c987f8a59ff69ba6f,28.25045261792828
0x159038f1e0183b3ef4eb197016214f6486189338,28.238395308111166
0x8f9e6dd01128cc3c148902ebfa648bfcb68ad1ce,28.23680676676141
0x75a539db04dfcd914b7b2e985662e586c3da3ed4,28.215878207028478
0x09cdd1ec94503878479e472cfb3573e145370a86,28.169423919351587
0x1955c2b76b1cf245795950e75eb176080879da50,28.158215080695463
0xb9e5436ccbc77b8c25a3fdb53273cfde1e85990a,28.12088357073927
0xfaf95953a36ed1e8f8426ab5b7eb53da246e3476,28.090299780704655
0x1fcfd25b25ccead63665cf867f4f7cba3e75de64,28.087245466785323
0xb0804b6dbe7159bddc1b6c9c00c796d94eee1858,28.06714199763124
0x74c4623d7609f3eb2665ad32ff96b44856b6051b,28.049061446423845
0x1bdb1783505f626a55a5e3dd3e366df1cd69c055,28.048198690431793
0x602dc1d22884e333fca32eb03105773c3b97b22b,28.046693026480547
0x97a8b6076ed6164df582e598dfb363ffa770dd54,28.035096236574443
0xf10d5716c7d6fcca6301fcafb9bddb7053854919,28.02567280971217
0xa2382d2c0f5c3eab3015827e6be407e53f5876a0,28.025429813521185
0x9eb7fa865937d1e92a1c1d10ccb5240757e93227,28.02210046066307
0x6a76274f50711486ab0799e75150130746ab542b,27.98810943382804
0xc2f82a1f287b5b5aebff7c19e83e0a16cf3bd041,27.986149880107597
0x0aba55c93cf7292f71067b0ba0d8b464592895ca,27.9679357225526
0x1c49f9aa2dec3ad25d4b3efc29a785cf17691370,27.952155619659692
0xcc98bdc61f62f09167670399110074d2eca72bdc,27.92497544737062
0x6655459bab7a5e99f2d61279316f6d0a465be784,27.906925626119005
0x9b67bbf26fff9b8c446b344959f3eb43168c2734,27.89633179746307
0xc25c0092307a5b8afd8a4bd01351a92579040951,27.895457068761086
0x6555e1cc97d3cba6eaddebbcd7ca51d75771e0b8,27.88280191453821
0xd3d555bb655acba9452bfc6d7cea8cc7b3628c55,27.867583373381176
0xca4a4e011bdeb6e5cbc229b882ee20ad3231096a,27.84653094078958
0x7060380f1f31ec257fb69dd4ec52c2ccc07c31d6,27.83655170022507
0xa4da0f347c6abe0e8bc71b5981fd92b364eda4c2,27.800279736532136
0xd1929ff028686a33cc436b2a82d71446bbeea1a1,27.792437998434682
0x586e32930ac05127de429bd566eaa2758fcbd9bc,27.78201720793707
0x30377714d83f02be07189b321c94d554fcaeb3df,27.759568880234664
0x4527c75dfc50a5390dc663f81b627c39e7b9acad,27.75008042370078
0xb3d77ebc988eb7265f8b145accb27bcf2722ee0a,27.716838369390135
0x531146f30be47bb171cb2039c25a4ae5d4fe164e,27.70263917818681
0x1057bea69c9add11c6e3de296866aff98366cfe3,27.65861347642471
0x9080860073ad25e31ee3bde8114ac5e7ec678138,27.64323475565552
0x08072a5fbc90eed1ca4fb863c1df8aa1fec61cfa,27.62825178853589
0x512fce9b07ce64590849115ee6b32fd40ec0f5f3,27.617976394809784
0x12899167ebac6cfd96b61b18eaa5f91f9d859886,27.5549070187994
0x01e8a979e7c5a1bb5c7af02a5f11263d0af4c19e,27.54467805595409
0xaa228431cc2b3db67b456e5be5d6877070ed63ab,27.525323183551386
0x856c63f6a02c1e175e36839ed262ee4e85e78a22,27.517495690485095
0x48e5013861b25c114e369c3e12dc948008352aea,27.516948598886064
0x1c47fb66197f84ce3d92b1ebab9dfbaa656e8150,27.512480073645605
0x736e108bcdd0c48771878caa148c1254689a941d,27.476347907638516
0x0e532f71e574e0d2f421e381e4d1ae2c7097b7c8,27.469011726528286
0xbc9c92922d98f2896e173b6c197b7fc1674324c9,27.45333009902979
0xae5fb390e5c4fa1962e39e98dbfb0ed8055ed7a9,27.45103437239446
0x54543587cd0412d6ea0e852eb62177bc9306a6db,27.438185013232484
0x0951ff0835302929d6c0162b3d2495a85e38ec3a,27.43738602184589
0xe34c3fb6f252c676f3697d5b913236ca3510f36d,27.41056921997769
0x848102e06b5f603c7eca9923f8da8517ef99b4ab,27.36630923531106
0x034b9c0f16f18bd15c97ebd886972c5cc1513e7d,27.36138502932683
0x23732c68e444c09fca1c139d9e90a58217560224,27.361281741690302
0x4ae0dbd5c700c64faaf85678fc1fcdf6aba5c5dd,27.35879938017172
0x5a92bc71ff2cee03202db6b625cb074d588344bb,27.358226552367466
0x7345c51439d1c84949f56a6ad0ecdf3f3f1d2be2,27.34183505457004
0x93d30a4051df1363a11050dd5259494a609ed97e,27.34071566964354
0xa6e78caa11ad160c6287a071949bb899a009dafa,27.250439644591285
0x7582ac6dc157ed93da48c46593daa011b99e9e3b,27.236811299791903
0xc9e7a40b20e2b10b3619109a74e9e6ef17c31299,27.203957491629183
0x7bacf22f747f2f4b983081c0aa76dddfecd008ab,27.184297261755024
0x91b57d4077fb560bddbb4cbe81546b10005b587d,27.16030277413997
0x8581c388a30518884522fb177a92fc2193510814,27.12333825845441
0xc8bef1a50119389ae31d2e426f7c71bf8cc10def,27.112883906976066
0xc980b6cbd623a2e505a64f1b654f7a042fdf6bb5,27.10190860737859
0xd21e9a1471b65465166e99832ade5bd1e3a85c9e,27.09096090412904
0x3996769bd6bf1f7380895bc969302804b3d3125b,26.96570007617766
0x904505327ac551de0e33fa33d8c744f8ced5d171,26.96085622604418
0xe4b205c76b78cf72012d6040c33429dba9bbd19b,26.94274663562048
0x77feecc45fa31f2639d4c1cee0ccbf138387d79b,26.93601691581589
0xe0ad79cdd7d049c9c12afcbffa33c58e118c48b0,26.92671451449578
0x7d3ff21df6e555c6f2accc0c437f9e31fffdb6c4,26.88554615559717
0x45c84e29eaf1f15a89bea1e8146a53d68d409cc2,26.884761734957063
0x2871b76c348e12b88a28cef388d37326e85e2fec,26.87998214285568
0x27970d7f5e4241fa3e79eefcfcd302c60b8ff0d5,26.84935118502446
0x2f41ed247b918d27300131f07676d33493b74363,26.843960435701987
0x9eb408e53dfa0c877b65bbe874de81247212380e,26.831123448264364
0x1a2d4efc833d4a32728b149b6fbaeb0b948d4bbe,26.821813082330266
0xd0696dc76308ffbc3b56eb8cd6e598f01e270f41,26.813684358514806
0x6976b21f3c91bd112aa41a6ef9be5212852db6f5,26.788668201823462
0x119e26e8809efd0d2baf690c62bd847271f2e96e,26.779168851481334
0xebbcc9b60e2b819f2758c205c8cd986133d21005,26.757037875622082
0x0aa05126f46862cb8cc097a4d6f0f47ddfba0a7c,26.711903336355302
0xb528c573ddd7acaba1a1da77a4fd5a1ea4a32990,26.707581094865724
0x72d9f391dfc352105b8aa391475007d4bcefe1e4,26.671427730378195
0x75d3fcbac90c72c32675cd80b109454100f3c9d3,26.642104086628027
0xf157eba689047d5d6b0ac629bf46a62a59ad501f,26.64090340141425
0x3d534d4f6099b94846b905068bc1d420258065e8,26.62157151003177
0x96482d545d2f0513dac4f037e98685ca7a3d0afe,26.596993201061046
0xb375e0c12bfa084d269dcbf412ea1d6b100aae5d,26.553153908598293
0xd7925984736824b4aecf8301c9aee211cd976494,26.55170385384681
0x7c6a9ca96a045a8fdac350f89cbd98a0e40ba057,26.5507625824224
0x23cc917f53ed08c028a9b60067d4de1d7db77f5a,26.54300704526612
0x98723710a60bf3d2e32c281d8209935e8925e0d7,26.486669945048558
0xd6d30f186e802c1558b8137bd730f7f4aec17ae7,26.473777500231225
0x202f0241efd14ec8d82f1165f217ab6cc29fad23,26.471721738030656
0xeabf7dec6253f3ddbcb70a93fa9a5d6470f6cf74,26.470446125942765
0x076c95c6cd2eb823acc6347fdf5b3dd9b83511e4,26.46801391474859
0x361622264aed52ff036ff8314adff6657c4153e8,26.46342149378271
0x0baf7b79f9174c0840aa93a93a2c2a81044a09a2,26.45904745362274
0xca1a7fc6cab553ce65f7c33c6e3eba6de954efc6,26.445294632835697
0x3173acd056c8d6bb3ec849d3f6ffa90b8fda208b,26.41314081985151
0x99e39611e125ad59214ab8bc62c2e79ef39d1ae0,26.402535362890024
0xa7615cd307f323172331865181dc8b80a2834324,26.37671727850333
0xaacb53d9ada6825be17020a445c6e9c21a22fe34,26.352037766662555
0xbf5b9bd197e9dbf3f2ce58e5b1c35b1bf383b5cc,26.33593414095024
0x1048e693b121a6386f024f2e97ea17e28537b99a,26.3357850554092
0xaaf4d001080b511df8ad90090c435ac1affc5a1a,26.335607440369223
0xbbec95fce30d33d1972d412108a053030e31b654,26.317489221640766
0x5da581400c1a404811ab251680e24eb73f679f18,26.245640269267195
0xf50d996e676b13e073e56ebcb979776a5103e675,26.227138407103457
0xfdd43923340736ffbcb31c808ac644922c1df05d,26.222712269460402
0xe8324c980791df99215b4e337d1dee5f5c0988a8,26.196350537589908
0x6a983e653d6d7c81fbd29dd7cc638b6f36242d08,26.195132458795783
0xb36d37110417c0ca0b79b5d262868cc9444f7550,26.19304061174389
0xa9d43d5b22e5eb975df03f54a90e4d630f448f4b,26.188323212102038
0xdede431dab9a59a99d6c6e7f998ebccc3cbaefd7,26.18336868915552
0x4282890ff9661a51ea367aeddf341c6f6395d4e1,26.17712783100362
0xe6c58978d013b757eb315bd6fd776bee2ee2b63c,26.16733605508382
0xd3d4ce329824372655ba5303d609a73e56693164,26.161995067409755
0x815721a8b174a18aec0c434706c289b08230f3ea,26.13575082846575
0x9c0d566b965e4361833ae5207b5544bb35827e18,26.063394739552848
0xfcb6a30ef6f39edb1c3f8b5dcd5eade4efc2cb1e,26.06211744632261
0xf86b6d7c82597de4441c4d3df218824672990fc9,26.05306027995961
0x60dc0b25f6aa160ec8748a52f6c360c213454bd1,26.041656864198607
0x410c8568c94f707008bb7a5afd36421b0cf6c307,26.02263288086229
0xabeab690bd56d307f4bb3b59c2f209c353ee057d,26.00606532689438
0x52405eff99dd4c2015463dc511573344f2e2e8d7,26.003717981173942
0x42ab9e1c9332e61eba3a17b53fce2abf73dc8b12,26.002935067703604
0x98f365b8215189f547e0f77d84af1a2cb0820c72,25.974220170014977
0xd3bb48f4f01876783ce5f67392c1fe05e1fa0918,25.963182734276995
0x7a69bd5a31f3388ed2eb2a7464aa462c658d1929,25.957329783665163
0xb4df85cc20b5604496be657b27194926bd878cee,25.946053098081933
0xfeff33456de40aa9ffc85b796cb731b91ea6eb04,25.94567935230163
0x7c8a61537c02afdff15ad6ae7d51dd25edceb0bd,25.915641286898524
0xf55868968409401ec70e3527c3dc50335ee27f4e,25.911863588361328
0x903ddd91207f737255ca93eb5885c0e087be0fc3,25.894618387437824
0x943980b467fe194beb923daf7a544abce90b5f93,25.875636319945077
0x90c3729672a0b7a9bb7553e76c477cf873e3bc33,25.867873256863295
0x890a41bffc0213e479cf470dcdfebe413cce3389,25.85691082083021
0xe7f581032d0937b0bd2b9ec6dfe1ecac86326ad4,25.828406591583576
0xe1447914f234eb30f8725b2f564e60a655e39cc0,25.825465972159023
0x9b4c75ce8d7006620df39e8757ade75d6434a6fe,25.780492984228058
0x2c99d50eb4daa1d26b5ba0b1daab58cbfc0ac3e6,25.76740956553621
0x57db5d6aa783cf29af41330569d24957140fd3eb,25.748758468244965
0xff392e83a03f1870b67522b48bf515af9ec124e0,25.70680852669786
0x19ee7696d2a71548a7f1fc9cef644460d7e73297,25.703174381474938
0x57e95fef87149570fc1f4c8a1baaf57aa45a89c4,25.70048909947741
0xc9c50b55c3085606ff05c70ac8cbaf26240891ae,25.694399530947216
0x0c8f904694c9017270e5915a399f96185b6dc47f,25.662003962068745
0x60ad81273c776aea562faeaa601ffc1680ae929d,25.646997839807156
0x8fecb44f0393b6936ec7b402c3c28cd85e783588,25.636015349706003
0x7245386b3e4d58a34eabbc32879dd95f0df697ba,25.616941252584592
0x9f7dd5ea934d188a599567ee104e97fa46cb4496,25.615428500770186
0x054e4d23739dc1c0f3edc34ea874828e1612e004,25.60381809527314
0xe864166688e95618920e32619753e23175f189ce,25.579761507532716
0x72a38f45f57d8c25425a1712e7bf121159bf48dc,25.551996750287824
0x797f63620e62dbc83a5bc88c6a43494ded428cbe,25.533214246614783
0x85697c00fb7bfdd5b31826f4e807459fb9941b19,25.52177652107971
0xff5269e8ae6a9f2ff2a93c770fd35f8ce71712f8,25.505885093772303
0x6f9bb7e454f5b3eb2310343f0e99269dc2bb8a1d,25.47724696108018
0xea398010f27e03b33cb022d076a41978561e845d,25.472018696547504
0xcd0c599f1b6709a026978a75e0ca2021446e2ed6,25.47156891898864
0x3e2dbda5f310aade1503557b2e7f356eaf161641,25.452022204141567
0x6cbf891ec109e6e9e1893dd33f145719540cd834,25.43672928822152
0x15c423e2c5e4980d556acd3a02ccb160d0a1d03a,25.43625508462803
0x4f176cee312eb74289a6be2de9e09ec275cf577b,25.429876905629044
0xf34f1d3c83ba6dc25f518b986f38a8cecf5eb14e,25.408347290069877
0x6ec62454447b9adacbebbae86687707a786c8530,25.364041397510334
0xf1caf10c5fe421660e8fdf2c0cdaa0be68633b3e,25.358378299722872
0xa85efd19852f56990a708d5d38d49552e8c75512,25.33319500349996
0xef492b2d863b4e68330b4ed0b39708d3846b3420,25.265706537714617
0xdeec9fd8aa3cfd9de0a470ca353bf03ba3006d2b,25.237617815325546
0x30781d7d755845fa50bfdb63ba7b9426a760f3b1,25.23445401905165
0xffbfc78cd57025f3ef4e478ac5f909a20a22ad50,25.21073732369676
0x6bb740b57627123ecb2debe195ea5b225b4f9ad8,25.20852775540287
0xd70ad9c99996e46c11e018cb6f7e19c00b592359,25.205078706386264
0xec45c8fd6c9844be241fc2ef399f267a21210fd5,25.173954126809495
0xa900f41187fffa3524ba8243cd1570bcb338f710,25.170158980862432
0x90eebf17ddf3c8ff2d096bc9fe0905cb2bd3d81f,25.163313647946534
0x49a1eb39534f378722036d41d3ab5c92e86b55cf,25.136200721640716
0xee3f8ef1d3cdd0cf80bf3ad103aac1c6e0647ced,25.08958689709907
0xf2620f8c4bdc46a55d0e3f39569d0d154f5d1981,25.050850579765516
0x9e9bf7495369e73e76e0f41c00481b16a270711c,25.03346140376496
0xec6e6c0841a2ba474e92bf42baf76bfe80e8657c,25.021916766437684
0xfa6ce4657af871b5b758cb06a796f31e8f37e9e0,25.01938913300744
0xb1038ed65cc501c69cecd2ac04bc0e788c2b8a85,24.97722032310853
0x4794764b746913abe38dbc7a373022bfee5b4a06,24.938682768242646
0x7c8dd864ded4030d42883b72dc7643bd7646f1ca,24.918539267160764
0xaf7f2ee8a6ddeb1e4b0fbdc8b0ed294e0a8bf1ec,24.918145836081564
0x4defa30195094963cfac7285d8d6e6e523c7f90d,24.882852999609153
0xa0058b3a974ee3be6aaa8badac1947fe72bb1db9,24.86164433066563
0x8f242eea01d82852cc9db9c64db449f232786011,24.858203855645094
0x5d041980e76e766c0b8ca414c4244e75942ccbf2,24.827707390780773
0xcf23abf7047685fb020ea16ee4feea3a195edcff,24.82680627031955
0x199da66fea63520d64b213ee3e7eb7cdfb650d62,24.793712229658993
0x1f9a1d61fbba4170451726e1a332de94e5afef8c,24.777845941642575
0xba333f8ff556bf35d38e102a98daf1c5f6d9d708,24.755158754320746
0x47b2efa18736c6c211505aefd321bec3ac3e8779,24.737670688107944
0x57abba3830751b3f5023710c5fb6c64405270366,24.731679577848983
0xee4e262d30c9e69e4a9a82ab4910e8d94c081b56,24.71102911366298
0x85c90e7bb1e5e2beca61550308396c342a043cdc,24.65357804410663
0xbc927cf46a2c9de51fe3f950508ac655fe2256d5,24.65276278127405
0xdcfcbd0ee537882be942477c0955b97ff1903320,24.62732740074661
0x11b6a5fe2906f3354145613db0d99ceb51f604c9,24.626786698660716
0x2e83b16e2c24d3129ecc40cf43b8dc0f0c5ca8c3,24.62003559986882
0x4c3278cf1c45a3e5bd2000242207870b6c015cb8,24.58018427567249
0x8e831f16c2aec702f3ef81f2b6ae70dd19fbe08c,24.56048857936896
0x4f554e30654369e2cad5f718754278eefe2af7d0,24.549985812220854
0x52feb9bf6f37bbd01309515feec062632f5ccb2b,24.54565138385993
0x3cb08deb531729fbd4776563b792730c8249b121,24.54529667430492
0xdc5e2422ae2d45f7f7f5b4109624285bb9b358f8,24.541207166225593
0x26ec7fc8b97d013d3d0664ab78abcb401bf186f0,24.503633994368712
0x9cfd5052dc827c11a6b3ab2bb5091773765ea2c8,24.490437684151406
0xa7f3c74f0255796fd5d3ddcf88db769f7a6bf46a,24.47964268074763
0xbc937bea0a2c74669432992c90517bbf85aed8cd,24.47368003171042
0xd12ca1d1308b34b1ed2aaad8257d52b92af40910,24.47086384759434
0xd1bf30002eb933155858f62dd5973749d8c516d4,24.399220441716388
0xe895f40ecf7f32f3c57127c242f961ea93d0470e,24.367569235262856
0x9eff806ba579ee2bd51bd35b63cd19f6bd6dd0bd,24.36019667091515
0x9b1b504491fc206368bf048ff564249d8a81caa9,24.345938656157436
0x436266c46e2c2e7c8546573d72d51b96652ad76d,24.322780140288256
0x71bb861eee90ebc82e9ee26778309560fd361538,24.318816578486796
0x3591d261da9ca19d83de5028d4caa02f22aaf9ee,24.310629229254292
0x6bc497332b40127d7202dc3bd9a9ec9b42a0108e,24.284375539453354
0x248d09b842142ed5e4ec79d95e62baa46bfb7738,24.24187469900399
0x10a4509fb431cf08f52b4eebd62569048606304e,24.240355064597328
0x06c53e7b9de5e016825fd04bf5e6538137174091,24.238413058095297
0x24e8bb6a37774d8a0187e196beb29601ed5920bf,24.23829729612167
0xe80d953d0b4f2931549473e803c95f559b6ea58e,24.219550403159825
0x9ffa9cced03b6b0bda116ab14be5ceda2db0e9dd,24.213104890587452
0x523c8b962707252201fc9289289081507f58af4d,24.209102219995625
0xb97d56feebcd2d8ef7c17d2123164fa3bddd97e7,24.203489320961996
0xafbc2a1ea36bbc341751063a35fb574e1c1c90cd,24.199223166354763
0xffd82f197d441201cbcf4a507d11f0efe8aa091a,24.193073962374164
0x88aaf4a728e14748cea5e9a3ca1306ac567ba472,24.17608107465497
0xa66aa61a67ee8dbd4a0dccd6fa6e3b0aaad49bc0,24.165667556196937
0x3566974231473a3456d2305fea0bb0944d2ed698,24.16402582126592
0xf46ad3ca0aacf10114c76e0b1c077a154e5522bc,24.14929634710233
0x064de67d26030c83297d3d1b3032d088be892e2b,24.135808436275493
0x0029ab135b5be72168bf80f140d60a9264dbd0c5,24.122360910425414
0x65c1d220e067b9339e7d136c74e88365b57aeb53,24.122265380419
0xb24b54fe5a3adcb4cb3b27d31b6c7f7e9f6a73a7,24.105420009770455
0xb32b2fb57152a6091fba9fb4803e2df0097c55b4,24.09192640428209
0x4adaeef3521509a73d6f71177c4ee2cdd184b734,24.056361842387787
0x78a083d3ffc762515dc0e168c33f186dca76e45e,24.055533976351995
0x3cf687bbc6ab9dffee28d325d1336d556b9a230a,24.009651973533398
0x7e06b4c65a6bcd3068e692a592211e29955f6566,23.979778708172972
0x0073c423a0b5d88b330d481301025db1ab65d891,23.970608934232995
0xecc996953e976a305ee585a9c7bbbcc85d1c467b,23.95228240845234
0x1fc931e464b63cd55e69c1fd4461317fe35ff771,23.928451079779897
0xe1b0e71dfbf82eb2521ed94508e9b0b6eed6a634,23.909321957981273
0x540b3f3705ea15a75f759c74fa046dbb47d08981,23.892486799571866
0xaf5d6846a4b7c2cdfabebf001382bc9cba4dd266,23.867249652434655
0xb9a8deae8115c7d7b8aed2ce4610c54e023e964f,23.86146031440022
0x8ab0fe3d61e372a0caa2b2acf6d1ffdefd1c645a,23.85982482424418
0x6f1cffcb8a199602b26965fabe278ef178774942,23.847575776018097
0xe74fe046d6c033a1b2f2dbf253f85449425a4f55,23.82339241042088
0xe8992b1d0737c4cc587eaafe13d7563bd50b5c14,23.794425325789565
0x311bf6e6b6d416a808adf524b2fba791bf257e19,23.793680302514858
0xaaa4ab4966e54d856bf2fb33a850285b30ed45e3,23.751828744210382
0xd5dfe862ded2ecfa1e7831476f9dd7d4080bdfb5,23.747312534693528
0xe286e8e6e2e60cac9d077b3a42e2cd79c5faec4f,23.725264592507266
0x6bb1be45c80e14b6ef600df5b018df12a7b245c4,23.696833931417036
0x4e058516eebf1db6b50d0c4396c608de25a77545,23.676884902868483
0x000000aaee6a496aaf7b7452518781786313400f,23.667452978241936
0x8b59ae6ec3ef31c796600373a0add1d91bd1c00e,23.66394043329791
0x6f00ce7253bfd3a5a1c307b5e13814bf3433c72f,23.66141459231366
0x2b32c3ecaf47ed3ad459565c472182f56414c9b2,23.650329017338045
0xc09544da6f50441c024ec150ecedc72de558ce94,23.636885764749593
0xd3293cbdb67c4fa6dfd4661c10f11d5b9ea9bcd8,23.63684808049221
0x2a1049062c6cfd69bd38fbaf3b0559df1dbbc92c,23.609890797772085
0xf05cbe0ee781ab4432ecd5f6e5ad04551d239561,23.551253324651803
0xa47f3ca11de68f500355dfd12d8c1b0e4f264f96,23.526446214588198
0x127f6bfe9b238edec1bc3cc129c4c78cc5727871,23.50581423064139
0xca1dbc246cd82d379f3df25732ca79ffe12b6032,23.497970224866126
0x524802b34cb508be2062d02a6e1cf577c2e66fba,23.48955054463497
0x071a79b04021baf1b6f32a5c233c7d01dbde0e0f,23.477559193956377
0x1e3a7fbf0bea5d6d66132361a4dbeeaaad5b1689,23.471542544949457
0x3c906129446b9a0a24b6e221b938cd207c20c521,23.467570717000267
0x57bf61b835a8a49fe51aa4614f774d9f01bdda73,23.433693726866935
0x50481e120c49588779bb110bb5a0d468661ca5a4,23.38716129885941
0x62643c6da84e112e664cfbfe64dc5302e6b8d0d8,23.386486407252896
0x6d2af065ccb60c0f7e8ec5907c961c42a3447127,23.366678137111432
0x800c443d4fc0048d2f4a83d64cdec93a824be745,23.35950974228784
0xbf7faf866f2a4a003216fa224fe75bd2737d86ff,23.34229182511482
0x983f14fb20991589de9bdc48d6990ddb8e41d918,23.32318347285776
0xdfcd4f74729d858f98fe0028d05b27226f0e8bdb,23.31343605073449
0x7225ac33941112883620212d651714c1e4aea0e0,23.313396297201177
0x34456a0a60af4afd40b20430e19bae1f3338504f,23.309614086315165
0xe7e3f293ff5be247e336f5cdb493c9ace1011a35,23.2928152505395
0xeb23e02024b8b98dd988d39482ec4bc6d329199d,23.27479566959488
0x134d7706f8f542f611a785cf30c693df302f4f24,23.274086562511457
0x67168517c1d0835147e2bd66e40a602e9fb9cbd9,23.2682586244416
0x3c673dd35bfea5267c4f5598a8d441fb13f8475a,23.224237036612315
0xb5b4c4f6a656e6a9c1fc301b206b99af95215245,23.20227445071786
0xf8b316e1dcbd6427f3c5717d88ce7867f05fc82c,23.197337444855762
0xf8fbc9298650f49f9b6280ead636c1811c6ca1a1,23.194493659554983
0xa06dd7ae30effce6d0aa7fd0fe1a0cd4a1329e4d,23.17127775865929
0x66a95cb90a908a2aba459e0dde676934eb4548fb,23.16917472461703
0xa6308eab4fc51b4d1c1213ef0628ada3c04ff47f,23.167763415863234
0xf9f2abcc9df889794b60f0791a784f5a97d32920,23.124531728613007
0x289795e6177d2170ba43ced4032a585d0677c6b5,23.114517593967626
0x204d4879a3975e97c852cd89df57ce08a6d2aa20,23.108223135262723
0xe00d58e8a4850f231c8482681657501d0e49703b,23.097259770964158
0x931292c42a5f600e80d75b7c7743f0164240882c,23.08406459334634
0x336a566f0cd19c3379676f8932f26c9b1b1aea66,23.081045940609492
0x63ddb0d7750aa11251330fea651e2a7fa1db53df,23.06369249883908
0x3edab72359e7658078f4872b7e4827d7242923a0,23.06299928301466
0x0cbf84a124f7264e86724b83b77a9a606eadd6bd,23.061029181518677
0x8eeb3170eea4135b88ec6c058f101d41a29d0cd2,23.03878843017997
0x44e88af9ccecc4de798737cc70ee011f6c38d00e,23.012254876384418
0x8b5c2387ba1f401a8f1d7eea37fa8f9fea6969c1,22.98314387011008
0xca1132ba4e92a247365b0e8dd1ec23a1fad2fdfe,22.969538472707175
0x7044a3e6bf3baf4f0d2f8884a2ee4e2d838f8902,22.959417547666376
0xcbdb75a5741561e347d4508d96d850f83dcc36ca,22.947454486193532
0x825d4f26ac2f18dbd1fdee85c710abd6aaf78b7d,22.928152530702473
0x40e652fe0ec7329dc80282a6db8f03253046efde,22.923871562098455
0xd97beffdf558b269257feba5df111ab718b71e24,22.908744893366983
0x2ee0b86ae26a615ab18958a65553f5d6498cfe98,22.90433797983744
0x47486720f580b527fcc7fda72ffe1915f8c02107,22.89845156334702
0x3d1d660de74051409ad0abe7983277b2268456bb,22.895350179888734
0x4b1f2b10a8c7d8b37ecf45659cdeddb54f84253e,22.86687712173342
0xc3b439e6364b3f8d07754fb782e509e53b3d0b1f,22.866827332110738
0xc5c04a665048403b7d7f4f5f1b165cf64385d9c7,22.864009957520963
0xe99b1148e185d2b8e4e901f60c0230696d3fde2a,22.860375601205202
0x25cb5b18a3d6c7cf562de456ab8368ed577c0173,22.848480599418643
0xd7a5d688b07a997fdee9896289f9d7d0f02c1f74,22.84077975708294
0x8fdd427fdb9dbdc5d2798cc6711b616467a802f2,22.83165536827625
0x014d808541240a693b48819a600b401cf6b3b8b7,22.823480643776506
0xc7bde5d00c8e0255b6a262a16fd7d5533e436e0c,22.814531583215256
0x3921452ee82a4b775cdb486d7567e365fbfb7134,22.73629799960598
0x062799b5a2fc009f5d8b48360a05c497d8be8364,22.73485279579674
0x12690cdba85ce9f5200110bdf391567e8635d759,22.726668498441764
0xce9114fa0e578fc3a8ff3cee9809fc713b2533ac,22.70444368456235
0x298afe764ceade43ba80ac4390195e8d9451d6ef,22.67477828744665
0x3123f7271ee3ab8041328b6812439d11bfc79817,22.649584302847494
0x1997169fc82abdc3f54e14e1e2cd75cba24db73c,22.62835080059066
0xc40c82d5917f74c97504c5de063f7c4eb3a01750,22.610074425583107
0x034a4081df0c5a039d05113a7d0b334083a7b084,22.60008749485671
0x13295163a7dc6f6a35b078db2aa164c24173c843,22.577856700759753
0xc28e23e7d7d6cc0c9c6f08146c71e7d168cae45a,22.546995450674245
0xd27078955887e164fd818869a2953d5eb8aee2db,22.54258064634385
0xc968c8fd6b87874e17e37cb41e7d8b9bbc640c52,22.541426643845895
0x3c112d7558a9a80ef8a19342a5869b69d16c39b5,22.525620327339794
0x85cdbf9345cec498a386026f66ce7b40cbbef52a,22.523158560137666
0xe75c8bcd8b9a36f9cf89442d436686c218c68593,22.48319818742805
0xdbba7dd8177011af247adfab3828d6ec6a472bc8,22.476309211613014
0xefd603747ba4834c84eb3ea3b1674bbcd4d3c6d8,22.475907517424616
0x53738166c362470e3d1c62811f99798434025d3d,22.47318994619021
0xd918fe4229e53ecbf53de43c2a5b5e3aa735c341,22.465186475696562
0x312bb0fd25fea8fd6da8fab80c36152975833a55,22.464969016707787
0x77e8c5f5539473d8aedee2a2c9c3ddad33ebb257,22.391791425829002
0x0558b7a135ccfe3a59de45a239ae3a765d7ab1a2,22.39171289431016
0xd5be50a7a1b37269e7080703d7e2fb77cb7d3079,22.373075037533322
0xad56935be2813f35a5a29626a2d1362d6c49c47c,22.353787493711472
0x474a89f2c8d20788f80dc2f9d09411c43fa2df2b,22.327994118283595
0x9c2dfd5acbcf22cb9a82eaaee95824faf5e1e035,22.326650194193427
0xd2c930c757752c449c0e8f10633cc2e31fcc4ed5,22.31457661674157
0xb4390289cf47c5c05626cf75ab4da28e70de3e1a,22.27824719527705
0x180b95b97ea51fc96dcc9950002f45832af7b7b6,22.27312312868609
0xbb6d1a9ca8e7f56a385c0808e68627d93193dcdc,22.247556502373993
0xf4ae6165c3e05ae7426c5b5200e8b9a7565ac595,22.243863561611928
0x3e7dd7df9c1ffd12b8ecd94a27472bdc4d87ab7e,22.233120688829608
0x9885a84930e3c8c865a1d3debdc204f990bab7c3,22.230960972745457
0x9e9778231e38ec2473f9addcadfb81300d5256cd,22.23054302521324
0xe5a3d77d7788a83f3549dd7f08fc2aced7e262d2,22.212969481277906
0xc023b9f7ae09856beee571a4e2d66f0c1de9bba9,22.20364731301852
0xf1c2e041ab05d5330c43d974a1278d17f15d46fb,22.199037270731985
0xc0dd6706c461eee71634baa5cc8006918764649d,22.192357935452808
0x71ec9e8cfbba6b8d218b6007d67159213327fb6d,22.184780696902816
0x153e016b77a1a0667af61c05187897075d526781,22.183598200851137
0xc38fe630dd7b1de5a95a860871e75329d9c4e5a2,22.164525981130502
0x1a50a6238eb67285ccd4df17f75cce430baae2a4,22.164008070959504
0xaedc687fa5376d2fe9d4b81ebfc8c2ba30ba54ae,22.157198545342872
0x47917255d73810620c841a35e5ee42c008e951b0,22.116641985353063
0xe42ec162dd9e75bcc8c331a0f5240958c2d3da00,22.102339115941554
0x39bde2f9254cfef7d0487a27e107ef6c1685e44c,22.098939573782403
0xad54d739ef647b3b29bb5043a16317bdc1ddc470,22.0951369913237
0xa810b58137737445a26c803a552d629a8bb8a01b,22.080159701416054
0xce9d0fce9560d8ee4b3fd9a2291635ae9843aea5,22.055062977785383
0x13ef2994550557b3e359d68df43bf68d32f8c5ba,22.02194718924426
0xde1d3f6b9fe90a9b64064ce5fd7343bff0bb939b,22.01741470345157
0xe02536ebda777d2b7eff618ab989beff772f8339,22.01668760495438
0x52c72f8333bca27b9e489e729da979047e0dab6d,22.0133145806419
0x3a9f7c8ca36c42d7035e87c3304ee5cbd353a532,22.003989639397375
0x9057e3b928e0b0b9ca2767a68538b3adb290bc85,21.9998549392648
0x2fe555e0d573b4df1040d30ee209911583c2c9ef,21.977693649798677
0x389135c984febdbb310adaf23a690dc28c8fa62b,21.97420400391966
0xee848a515b6da28e21d26021898ae0e14b256db1,21.97329478252086
0x9eacf519f5a1e072339463a61143602e696c751c,21.950836815340026
0xeb7f712da1b63321df34d12056c94e97aaa99939,21.9476737078397
0x6cf35dd90be3717bf155dbb5db99477b5d84e368,21.946298560240827
0x20aec996ce9d508a7f51b2a217bf6a87b6be0ef1,21.937692974962143
0x7219786a67c3ccaf08545d8cc5634af1eb869e5c,21.929631898482537
0x8877bcb2223682048badd5b09b7ee5a8fa2f3424,21.926684532054143
0xa2cdabfa4141c59e1406516da6d937e35fcf42e7,21.922785929259998
0x581f3c56e8c3c6e8d91654d55f507c18f46e7bc1,21.906924681843574
0x52e0b17cc061d1ff9bbf986ef2408a660a2d30ab,21.868094681829543
0x98e28650cf30e5aa1b7e9cdb258522ec3cb57614,21.845483981757187
0xed0e5161ea537d9f69b9fa062c1bd3dd590abced,21.845141663445748
0xe41086f6e4801bf49c0f9e24fb147cdfaf952a89,21.82739811773136
0x02ce3b6c086e88616783163fb095578c86fbd4a9,21.81864942104762
0x314f5c4756636c0ed347765ae3c1b235ea975e3d,21.792691389455534
0x41b96e9c6758d12a7a1f67952466b2e104532604,21.784225724070033
0x9709a9f77d4349e1da4220f1458fbe9339d612e3,21.782636534253637
0x8510e03762a1b4ea8c6118048f50af0a28f88d12,21.78143865306312
0xfa3f9f5b7765becfa6fe6e440a17ab4f2eb7e40a,21.776532233776358
0x23d6f869c4a64f1e8be35c777fdc523cfabee9ef,21.763335849565106
0xd4d5b2788812b2c4df6684050361a0204c9985b6,21.755375040376745
0x304acce87b3dd9b5019d32fa53866060e5032325,21.75351477072902
0xe7d0ae1823582e5e6c3a0f9bb0526d380b16edf4,21.750700479792506
0x275c69284ce670e88b5539355d94bd0601981d1d,21.737762189805736
0x3979f8fd1176e266c0b8497ec74cbeab82949a7d,21.737595583537637
0xcfa69328a74c0eac388b889c21eb3ddd9d41a025,21.719561282379406
0xb3eb6120f5c03e71dc5fbffef7bd6b7f71b22772,21.71595767959185
0x9c9550871c8d714e90ee03e610b21f156381bdf1,21.68196261699636
0x515d82a74a9aade721801da71fd35f09799cffaf,21.642623792834524
0x2235cd349113837ffc6d3e41ad8f64a84f3d20e5,21.6335470186608
0x16f0a28f9a7874207dde61895bfeac49a34915be,21.631203743321993
0x25f5767d16002de565951051a2d0407583b22e6b,21.604154861268814
0x293425f7e1f094cd06a264187d830b59e54cac1e,21.564996339205
0x3848ce8d9c1287fd0419334e5f98c0514fcc7221,21.56486101972508
0x799a3539e0404b3c3085293692de1c91f074e001,21.555287733852946
0xdfab10160b6fb43b241c581540e46229c581b1b6,21.522547375788502
0x75683ba5d79e01cacb21aef347e5d8a5ef86c06e,21.517261780351575
0x1f92fc15bcbeb4dd24eefbead8d7aee409f891dc,21.513249398093055
0xf5d26d8bde798b381828c5a3b214abc60860b9da,21.51317138934438
0xcf50fb42926b255747fb8b0ea8e26d4e66952ca4,21.509587573752544
0xa82e4d575e09de36f09999c85c2d7237c957374a,21.505478496309472
0x4b4c129f619cef09246130769d92d137b771cd67,21.502484516991625
0x7ecb7a50d54d7985604dba59acb2705b0871572c,21.486198733907592
0x6954644f7dae221ddb66eb59793ce5b6c0e2eec4,21.47507326889019
0x836fd05a18dc13aa8885a718278e6a316ecca1ff,21.474359600835854
0xb7625573f98f436554fde189bba8f1cdb57a6b97,21.463555502574522
0xa5d32c621b11696a24efbfbbb6ef550ffcb29b28,21.44247269007355
0x3abf8a57b611be2f8269e3f642543555c6179766,21.42707975026321
0xab8791b0ae982187b4fb4ae4612bd4c29ec6c110,21.4252539776205
0x6d26fcf5f2f07b6ce22e9f839692018f7cb84c81,21.424959660070304
0xc4925ca90d15f19fa8e629f44db89ea03963d153,21.42180279246166
0xa230a1c91c640da7a947c23a889a3bd68a171915,21.41620525924367
0x4f239dc9aed5cfed050d5898865137120be0bbbd,21.388407209362768
0x14c90b59f95b9405113dfedbae88fdd20c29ee36,21.38666682015758
0xf11d95bd4c18e4a792cd3ffb581e2c30890724a3,21.376065309371253
0x86b7008723acc82651374ba81b951b2a8413743f,21.364627702353985
0x3771eef3e76329ac4c17962a158a895545795c0d,21.364006182157375
0x9de91512807a33d1df1d7ad07a99b220ed719269,21.362434236064907
0x9b659d5631526d6cb599da65dd0e59a923303d6c,21.361086659727626
0x21bbfed76f3e3fe03d07f98771c3fe188698d0ef,21.360321814558347
0xc66a2b53b98e0184f2dbd3b2e6a4f4bf3283127f,21.314294822120118
0x41f2c7d530bb3ba3d9ef993c1892d95fb5deea95,21.260230775996366
0x97c21083c8c62a2e3db72ca4cac91b138a07872a,21.248898262001095
0x59e3adae9267f874b175df394abc5fcd0fcf8175,21.244839172946776
0x2121d752b56227fe28ba8109abeaadd3df07e90b,21.24058110885626
0x6d3bb376aff5d9197bf3f11e93e2f3dc554507e3,21.227011182771708
0x8d6f28e5baa8aad23305b7b9e7ad2e67388667be,21.212941403484546
0xbe746b3639af3d3f3a743318f11ce4073e71f42d,21.206146562107712
0x28d59e2e8d87b4b272a75b384f6f593a41b4df4a,21.201424220561346
0x60c514df3dd8bda1d67ca0f6e2d9184f4aefb279,21.199977892027587
0xde1b62535e31561c78ba20e49053f2dbcff4b9cd,21.189781108930923
0x84ece745851c477d15cfda32c71f2bebdbfb6218,21.188408307296907
0xa59073c0e036edbdb5dc4e88f42bd9b32d6e968b,21.18245156807237
0x00778a211057c47a9f8885750bbf48226771bcdc,21.15951492603316
0xc3fdadbae46798cd8762185a09c5b672a7aa36bb,21.128378809390114
0xf84cc6a984a64468dfd9da25ec44b40c0eb7678c,21.100124676169678
0x5668ead1edb8e2a4d724c8fb9cb5ffeabeb422dc,21.08944557362621
0xa24009a666a0ca097353c392256220a1f5f68c13,21.082866215726774
0xb3696bfd947104624a838dd0ae1282756e47ea39,21.075145911782123
0xffbc36636cffeee51593f6f8048f618138b5b793,21.067307528409884
0x0a80b518586ff4568b5437a816164a7bd53baf37,21.04682214457753
0xf9958fc198163c10f34e931d93abf7ef18762a2d,21.0448122549212
0x820c1213562677697b2e470fdde2ebfef209664c,21.004212778709338
0x80d6ed65c0d84656e057fb7e664d619082575bac,21.00210409255645
0xdc95913ea736a669f9518dc58b90b5d7ea2c8c8a,20.976475808653387
0x5cf77032d178f1e126870d9af26b63ee3400e271,20.96241507693886
0xd24e0a25b7a581d1adadd30c14b009047890e6f2,20.94934381965155
0xb6af88412a30bcaf0e999826eff1acd835f43831,20.920580887034042
0xabdb1f94bff885bd8933ac4f8aaacda4326491de,20.90943322728008
0xb0e1088863f02b7edf67324d02d5093de9b19e0c,20.895882641522075
0x041dedfec783d8d6d8bd4f81cb3675042151184d,20.889935636432515
0xfff95dea424c0d7a25471982610a2485f302fb54,20.8855382256756
0x63af8a41e879fc27b9c4fe0fa5d5f79a5f3f16c7,20.885277296890745
0x1b46d2eb4d5c1f03035bc5e57b2543db50fe338f,20.882772843335676
0xb6317af995693789900f85b2d93d1dd0f5deb558,20.85823170269988
0xbf58a83827887a0e4c98cd641aef095ab735ecd1,20.84469538081247
0xf18a8c841104921cfb895f32593096ecf4759f75,20.84072069476983
0x048a81d4ab58a7670308f0d6728a0bf825c6ae5f,20.818751671470046
0xfcd34c86de414b955c41239cff04cd67c04417d0,20.818696755040346
0xb335d18843137b21db0c9ebc23e7ed9f0d33f14d,20.78704674475555
0x877e8ab289f1b3eec7220a8a7edcfe1d87779813,20.741324146450324
0x8c9e03aadb9c97a33568515e125e840ffba838e9,20.72618043488436
0x937a00b56f3fe79909306d72292b965a00fe3406,20.72325586784136
0xff4e2d7169d7d56f8b41c63592fa919b4d1b0165,20.701789518806915
0x27b69c405d6c58f5dd83ef7e117355a4942014bd,20.691516808687986
0xcaba1a66f0049ab97256d75eeb48d540a7a1f8ff,20.66782553576646
0xd4866d842fe47c227e0113d91663fdf5c47270a3,20.61948959128464
0xe8130f62f1212ac1dd1274474e6eb3d3bfb59745,20.580501347185102
0xc3e1ceffc8087082baa045a9473edecf3773c122,20.559215448421458
0xbefbb8d585c10a9687abbaab82af1872ed4d8d12,20.553397962932028
0x48c156c85a58f7a995902a4554c2a5a58cb03e0a,20.506622322265592
0x1d8c813e905cbfd1b2adc0ef3029ce5959c4d67b,20.489125050713923
0xf42eb7c923b98d4f98c114db09bd581f89be1171,20.474743675575898
0x1e038a97bbbc8c47be1dc0ab4ea203c6599e946f,20.464828033965127
0xdbf156853b040431a3e5d6d0802800b29e6ebf99,20.452644063867233
0x761525f5c17baaa3d1c7d61616d580792ac653bf,20.44759935502886
0x0ba43bae4613e03492e4c17af3b014b6c3202b9d,20.41426221343765
0x561445dcad87cddfb1a3b21bb3d1ee4d5e73b485,20.38080554239911
0xf55e015769baac7e5861cba62ee775868c335cee,20.375395537870062
0xed60eac23f638d2c4e28ba681a0539b7e63a23bd,20.36041321934959
0x3a6d6e5e4b8c3e9bac29ed12c4243377e64f9b4a,20.320538412232757
0x0249709880fc44b72f00abbe7f6120c9a61bade7,20.319974919185395
0x368f6fad75eec78b3c6a5583c0b26a755c058108,20.3061127765303
0x42075dd2fd29bc6a10330715631df6d8b698ea61,20.2873027386426
0x19764305e5df2563e2062bcce5429b540d994be1,20.231383973791242
0x2f8ad7e46f984410eb9bdf4b9ecf525db20d0dd0,20.18906304957459
0xb027257430f0e4dc0fad2184ff4b415761e8db20,20.160139671471367
0x586b3f34e90668aee4ffbd94e7ba143552fa70e5,20.154817316804333
0x602b2d2278465ea5823898000140cef95f2b8d56,20.129088026172663
0xdb0c8dcd4dbd6b4504defbf3848e0123b012b68d,20.11950614670059
0xe10746aeac9cc260afe434951bbbc48816ad1b71,20.116929573262684
0x869a032b284481f4ad359ac75cd017eddee5c23c,20.109116067659205
0x8f46901fc234cd942b88e6056ea58226207f4ca5,20.107643513855233
0xff16d64179a02d6a56a1183a28f1d6293646e2dd,20.059942384009666
0x978aad63fe35f7a72573c411c3dff53608aaeac9,20.054038349567342
0x009c07cc41a358176c97b525284d50f4960bc939,20.053508540320315
0x8b221a3b1b2675ab9e836904fb55742dc57b32ba,20.051623053201535
0xb088a3bc93f71b4de97b9de773e9647645983688,20.046558075464063
0x8433540c7e4d086e84a6e1cf4f99d8eea0e1ec09,20.015602155600693
0x229229284c0ea7c2a898765a5652fc03f0e35293,20.012582844555237
0xf8e562f4f30c5dda0978857067d6585265da3437,19.9778181426922
0x0e70fd4ea2a0063396fed52a999d64f661774be2,19.967106063214853
0x9edc97c4f8f87ac6c178d1a50db7bc60a0c4a491,19.9603908810748
0x6526f255f7f0ee69074e1c1a4c3457f6c2262db7,19.938602491529668
0x1bffafe206cfab42b23dad63cf0b603a673deb64,19.921377484492954
0xca78c111cf45fe0b8d4f3918632ddc33917af882,19.921025835285153
0x56c935cac3d870b385724cae5eb8eea1505c777f,19.91221999936475
0xb58f9800f74fea404b58f94ca3685d97e4fdfbed,19.910680711817374
0x2b4f28baef7a09fd61d348925304938312093139,19.88744566353446
0xbc8dafeaca658ae0857c80d8aa6de4d487577c63,19.87481469069606
0x61f9f97700d391d875fa14e020bd6f1e862ca10b,19.86691772882073
0x2a06cd16265ddedfee2ac3b41f0aae2fbae241e3,19.85278995242674
0xb3fbe25be2e8ca097e9ac924e94af000dd3a5663,19.851549971391034
0x40d5501eb755cbc39d84cd0c7de74eaf1e952a2c,19.80630595202481
0x86321c9ee2ab1b06a049f025c6b396c30a1451b5,19.776369426052227
0x20b4ece8b6a9d4d93dfeda5f9c905e4ebab3a59f,19.77437164581361
0x76d06be150766c497a87a90b25fb3eb34e8c4ce9,19.771287300204733
0xbbd13ca6aace2a8eccbde88bc7849c3c6e4e172e,19.762918191011703
0x77d8c672d9fc98e44a036b2b24f51a9613da7e41,19.753263157921847
0x73fa9df99faaa8d110c5afd917355eba0f993362,19.73638388565465
0x439b388faa6e3aee0989dedca8df054f29f01553,19.72332692918689
0x70564145fa8e8a15348ef0190e6b7c07a2120462,19.709554764255962
0x5d345ad7e348fff3a339c61d6394ca24b094f939,19.708426103534237
0xeae9132891b3e8da72ad8971f83744cd345e5ba0,19.7033253678447
0xc265cb0a1c965a6dbdccd2d827fd1d8ccdce4347,19.702745756438706
0x71232ead3bec1ac03ecfe2556acd6c7d0bd349c7,19.657383653868603
0xec30507e1af634869bfd78adef8dc428b5524478,19.65542207086165
0x61ad994108a0d4b8a2dc60129362ffa62342bbd2,19.654128345605997
0xe070e13c4af740a93109715b0c7c2ba7c30c4ef2,19.632670895681308
0x1464d4e3c815de3028572b850c6c34dfc57e9320,19.62875571872669
0x6fcd805a06d424a45b226f951b0a7a7b662831bd,19.623467144015997
0xa8f32cceb477d30a5e6603b498f01c6170175f1f,19.61749312711491
0x4ac7b96767c0f6c22cc3defde91d345129a293bb,19.61389630015649
0x9b7b2b4f7a391b6f14a81221ae0920a9735b67fb,19.61389231429285
0x67bbbccddd394c2cfa15d3958904858b21040cc6,19.59531634732519
0x70c039387365da03c0bc345c5161deaa867ac2cf,19.590663381236002
0x48ecafaa76013fb100cbb140b9395804438c0e58,19.575569068299433
0xc4abbb0099c3db6e8bebd3693ed66f7fe020f405,19.5531378394057
0xea1b3a8fc8342590eb955f1a4194c007189b3159,19.543134462591357
0xdf63be2e473ba04c26b1609e51d08cf0d78e0913,19.528781314639236
0x3a29e208600227e81a13042d9694438251d6f23a,19.522797806303
0xce75dc60005f890c4ac7b3d3ce042e57ebb0a919,19.52182779421352
0x06763a0717f74b33840ebd85122a5093f828ad38,19.50797960020149
0x84f10948e7e8c26dfaff67662d2168147c3d719c,19.48487101535733
0x9d5f9c924833a5284f29576d07a42942276a26e4,19.475178369184732
0x1f8a9aa97618c77fad4be22fba26d4ea0507119c,19.472094646883406
0xa3d8d276f6eab243cb22f4d1a5e3cf08476346ef,19.427114683995885
0x2d8fad6cbdc3b6e841415286a617534ec6720ec1,19.41755601464775
0x18456bfb605e238af478e4af64bf5a2b5304a31e,19.4077955050644
0x988ebd2dc796711f63e91c36ccb7d05e67704b4d,19.388009054023332
0xb22e537e10e798fff2376f24c7a39e7c68702349,19.31856579540986
0x6a06a5ed081990f4313c03aabc70f5874aa43f89,19.2938511867663
0x2346c6d59c3278729fbb3d472b6b901d2defe1bd,19.284784081028405
0x3ec61c035543d5529b7315c1fae202f829fe2b20,19.270303092118873
0xec305d1588a1aed8e613e493bfd08fe31fa3d7bd,19.25028241335573
0x2128adfee4fc6a4c444fe8ee3148e894f87b2b83,19.239066963193785
0x4e4bea4763b0334766933d88e1171af56191b636,19.224645883181246
0x8577b84527ced5d2d9f299dc6027a9e049c17d6c,19.20307323015145
0xac10c41ae246f2acaa3eeef2cd869faf58513e6d,19.19290706979688
0x357dd894221f4f8f4bb52aef3da7c618c39c3682,19.186608388296513
0xc27ec7f770043f2d722f7a6925310caa8099d081,19.18639562252473
0xa1fb1ccf3bd712972b06a089c6c69fe342a52af1,19.18177697573355
0x4098bdb17a75bf739ff592fdc51a3476141d1978,19.16306777949384
0x4da2e85d64bece663ccab06e89b970b6b077f22f,19.155080226549345
0xd56b98fe204c467ae2acdd585f19601a9456790e,19.15438787326924
0x0618e076e4fe252b1b73a83c239289dc12055ea3,19.145779334892442
0x893425f1e71fad6646eb70dd17a5f808a012ab4b,19.144876949652414
0xf84440dacfa8e3bdacf7f48409255d9f894f237e,19.112582942842252
0xb7a158f6231c2e894a57640deef4767526321fe3,19.109548155189035
0x79d93cbf3583e62dd3edbddd1ee1121f8b07af81,19.106824343404863
0x7091de9a5435dba7f051045d64c5ef56bd96064e,19.10275623970001
0x17089a308ee42356dced12e13d8caa33e18c6d96,19.10238115741313
0x2b5e682c00a0f873fb6cc34e6125e95090d56b40,19.084405625912186
0x57c41131600af2d0ea74d7a7ffab385063b89267,19.073871255923844
0x8197ebca4f7a0918156f188f53c3a47381bbdb73,19.058102409282718
0xb6aa8a45ea2c6a24898b7a4a3da043c9bffdade6,19.0356487366665
0x02ef744c9160384ce566b3e41c48fb9b35daf162,19.034470715750633
0xf2ba322c432be32ed6e63302670d22901bdb57e2,19.02099601476207
0x2f3246fa8d5d8776c29cb5c8ff17cfbf8f0e3055,19.019568183371412
0xacfa1c0a40ef81872fb7a674a406ef25164dcbd8,19.01043543566028
0x9ef190ae70ce60126d1899fe29645ade741eca58,19.007178440130737
0xb3375a5c855d36c895f3c00e681be1094a5b9d4b,18.997402229148925
0x120d7c6bef0af3dab374b0f1bd83adc347fbde54,18.99695460531588
0xf42f6d8affb2eeae38d10d9df723b53c8560389c,18.993758483579455
0xac9ba72fb61aa7c31a95df0a8b6eba6f41ef875e,18.975204451162046
0xc39fa89b072e923b73d19537044d72e502990031,18.966292415630473
0x8a9bcdc68d19e111663d6c986caf1da1eda1c304,18.96156823716926
0x5a22ebbfd15a363b650f0c15a11012373afd08ab,18.958405855069042
0x433056b044b7ae36217349666cd2f1304c86ce90,18.956392239452654
0x8ad5ee55a8425a8a4938106050636e0901df4321,18.946528352212017
0x744bf16425eac4e497a9a01e7ab9bdb0b9f3af25,18.941117593232327
0x75ca7d963b543fd01bc4d094aa8ab29f115ec35d,18.90619243509294
0xa87259f8e14364953d91f8541a7ba0b32e5e7008,18.903927808796496
0x83539c51899366bbe7eb4dc3085dcc091c5e062d,18.89398943513831
0x9f0a988edc96dac834c158ebfe667da932bd87c6,18.892254301669478
0xe2c9cc9fad5e35d3ad3fbfff8bbae6cc053920f7,18.892032893713885
0xcb4e01a69191814e9dbf6193e19cada6ffe0a3a2,18.88894769808296
0x00a050ae48f4f5463321a9eb2aa2dc2314076ca8,18.884686411610563
0xf78cf7bb109f7fb55e3cba2dd87edd5e836eb0b3,18.88118802632569
0x53c404d148a5c7c164e259f07a87429ad79c00e6,18.851024434879882
0x165f43003b24d1f8a241ba1883da28eee6a9da94,18.84922944216422
0xba2f752f7eccb6acffd73e532586050bf0a1fc32,18.845929616110535
0x6d71c5886d08d9a1c6c89038148055297f6440e0,18.838906277025504
0xffe11dd3d666da59802f61670b0664519c20f94c,18.824971919226844
0x0ac56b5c0d8d798e10bce16a43f5959d10416fad,18.785521607553633
0x3182ad78c3f102d1ca2e6e63ad949216493cacd0,18.781004097920793
0x81c9312860bcf9eddef41d6839ccded0c7961759,18.7748767820155
0x83e81d747529f0eb6145b149c438ab7f9bbd651c,18.74515872924722
0xfdadbe4c8fba7bf5f2fe1ecc82cb55f14ba379b9,18.739357295046894
0xd0b5795bf8a5f34772d77572a7167199b658dde1,18.73428912866938
0xcc9417ecfbecb3522ed1f70743e00e5a1d2eb4d2,18.691307850493956
0xceb9e948ce562b3b3eaa2495e39841a62815a524,18.681321903861996
0xa1932d804e85ae3b80a2a47446e98e51d65d877e,18.67176428361838
0xa97cbdd24bb3fe40fd425dfcb14131646980cf04,18.647745046632203
0xc7932865a7c10996c5e0a96a2c9586b4c9a86551,18.64674783525649
0x717ab1c60e79464ed2e2980a131fe5774b855789,18.553770907910952
0x037233180981756cab77ae0ba784619cba7b3f87,18.537691159140934
0x5872a5f39a8e3e85233b20845a6947a4111fcd4d,18.534706836945205
0x24e2b3e7dcede69200223531beaf18b9f19b8ccd,18.519849969271014
0x0049fab7f5dd1f26f057bd5d972ffc6ba3c349dd,18.50823756569377
0x7ab83b5e9a93f55cba6776fee1b6b8a73f78dc5b,18.499500289039013
0x12e8123822485229efaa08cd244e27e533eb1f4b,18.495926157412296
0x726ca0ca1b4f59e3de69a8d69d97262a10af525a,18.491439649237833
0x3538231cf9b57a35d5bf3c0d3b9ea54ff5863465,18.472928171448245
0xe264886feb92e9c6a92fa196dfdc09d330b66c17,18.470707662283907
0x9f15e05fbfa195bd807f1f60ca6f9b8d7fddb75e,18.460731891405057
0xc18a3fbab238cdef9741514b2b5fe28ebc49fd0d,18.459829957363183
0xcd35bd62fd15e732b5c8f4a5c878e968547aeaf2,18.436935717839617
0x85dc5fc2e2d5054a459890ce992106f58ecfa93c,18.422568445819387
0x8183866223445441b6fb9206b9f0b583410977e6,18.418566498515997
0x9eb24c1ea221216158b7908179c13192fee89b4a,18.416213685578768
0x6ba76dfbbb5e3084b56533717eb1a3c8cd5a6f4e,18.41563920152712
0x178662db0ea4aa03f3fef01b869627529ae2fa32,18.377348652774415
0x96d747350d3d3f26a06e1e2f523f74ce910f4a55,18.344483627224154
0x2fb4a0e0bd649d4532a05a8ca8f3562d6ab408cc,18.341772136912212
0xf12692f90b384623b7d3077d6b342bc3871186e6,18.308920675366
0x8d5238eacb01cebcd06f4fcd7bd321d00124ebf2,18.30602820368621
0xb2ea5e5c907f189467fcc5b5fcc967f25985cc14,18.302265587550117
0xeb1033916a795e424cbe46868d6c08bfb8a2d2f8,18.285104462383632
0xbf63f97613f796e1de3446e64b529c79e5cc40b2,18.276086127523193
0x520ef574f275bb54bac66781834a3ee20e9b6e3c,18.274859258270453
0x650a4c05028d0cd1694f1ddd4c8b8c0b2a92e410,18.270321507502196
0xd34b49026e2822cfb8b10618d54c312a07139bc6,18.25306433754577
0xfe5ac7992254e93b9aa4d4f1f4dacf01150d85ca,18.243680709820417
0xe8bf424e047372d249d0826c5567655ba3b72f18,18.24349172487522
0x776ed050c380f57bbac5e1b169a98d88624fb55f,18.23604459103134
0x311c38520151b0bc500d60eab5548c1cefec8fed,18.22976345574909
0x9ee44216215833ff45aea646bdf1b0c3d9f6c064,18.229464046366804
0x85412643b12cf847f3e11f24610e6127c17ef7ec,18.222458975016025
0x152b8c153e4f18bfe1cb3f2eaa563813c758e279,18.19489842306718
0x2fcc9629560db6bc32c5ee6e0fea0ecd90c89949,18.187793812808774
0x21c7bd199874b71e69fe7fe742ce0f738559d500,18.184281232352433
0x9bb36404df5455eeb80205e5730631c6a1d64c9d,18.179208997519407
0xa0463d9133f97968f30ef5e761ecbde587ddd918,18.16804769749236
0x9d23f8199acee2903035dd16c3f349af6dd40cf3,18.156838824367806
0xa2191c3d5a8197708410dc8a22a9e4a07df94ece,18.148190389869068
0xd2f088bdb976eeee9bfc0297603068ff9baedba7,18.138588908154105
0x5ba8be640c84e294bd7285b4d7a676ed8e1ff2ec,18.135064186527583
0x227033541b0b3b75ff258a47f5f8368fad866497,18.131464345487466
0xb263e97547b3bedc9aa3214c0bc49c5985df26d2,18.12469110942831
0x38caf77dfe8e588ec4179b8c395644312fc85c49,18.110494902129357
0x8b26754becb2f0b00f64a4345da8e0f53ddab673,18.080790907268003
0x7aabd633cdffe1923dfc432ab7c02ea14daaac75,18.069635583011685
0xabe65a54b5b5db177434ef4a84cf4b1512449e0c,18.04651248545057
0x3a804a720a6c62b42867746afede4b107ecac072,18.036592456218475
0xa733de1720caf66eac592adea2d00c6109494e9e,18.032699864937722
0x19ca95b64d52ccf91408b63b042182223c8c2f1c,18.029359353009976
0x10d5c4915df50e9313c21b4a7389c056ff3ff334,18.018495269809737
0xa526ec38e974785d3be42ec23f9c2a2dd849e085,18.000226533393217
0xca07aacbfa8508e4aeb2269ae364e185bc9421d6,17.977623814773604
0x1268757e441481ee97f99ba28d624f261b3c14d5,17.97615211277295
0x21edc17321fee0772bb5a9048f5ceb68769261d9,17.924042918550935
0x8729d7526421c1b9269a88eb607c61a6c1ff4084,17.921688943419692
0x708cee2fb3b06170ea9fbff168822b536ce8e6b0,17.921415938177155
0x06a437b2afcd7b6261bc26399b30f0102eae3af0,17.897794223153003
0x16ad4e68c2e1d312c01098d3e1cfc633b90dff46,17.89412166866881
0xdf6a620baa44fd80bdbec3751fe0d5bdd6555d90,17.892414511893477
0xd9a25a008d5e5973a7e439002327a62d56adaab5,17.89218909896363
0x4a8b2aa05aa9697258383779206a77a942c6e6cc,17.885903772412064
0x301951f9bd3e21e404dd2a99a225aa38e0947ba1,17.862227433549176
0xfd991e47e8aa1ec50ffd57f1678522ac2284e3b8,17.84581910980126
0xe2c567cd62bc1fa94d75f0bd7611b231ad02fa73,17.84074846890068
